source,reference,prediction
Retraso mental o enfermedades psiquiátricas que pueda influir en la comprensión o cumplimiento del protocolo del estudio,Retraso mental o enfermedades mentales que puedan influir en la comprensión o cumplimiento del protocolo del estudio,Enfermedades mentales o psiquiátricas que pueda influir en la comprensión o cumplimiento del protocolo del estudio.
"≥ 1 erosiones óseas en la radiografía (evaluador local) O, en ausencia de erosión ósea documentada, deberá dar positivo para el factor reumatoide y para los autoanticuerpos frente a péptidos cíclicos citrulinados en la visita de selección.","Quienes presenten una o más erosiones del hueso en la radiografía (evaluador local). Si no se documenta erosión ósea, deberá dar positivo para el factor reumatoide y para los autoanticuerpos frente a péptidos cíclicos citrulinados. Se comprobará en la visita de selección.","Ensayo clínico para pacientes con artritis reumatoide que no tienen erosiones óseas documentadas. Dicho paciente deberá dar positivo para el factor reumatoide y para los autoanticuerpos frente a péptidos cíclicos citrulinados en la visita de selección.

Los criterios de erosiones óseas son:
*   En la radiografía evaluador local.
*   O, en ausencia de erosión ósea documentada, se dará positivo para el factor reumatoide y para los autoanticuerpos."
Permitir el acceso continuo al tratamiento del estudio en los pacientes incluidos en un estudio de LEE011 promovido por Novartis y que continuan beneficiandose de ribociclib solo o en combinación con otros agentes.,Permitir el acceso continuo al tratamiento del estudio en los pacientes incluidos en un estudio de LEE011 promovido por Novartis. Estos pacientes continuarán beneficiándose de ribociclib solo o en combinación con otros agentes.,"Permitir que los pacientes continúen recibiendo el tratamiento del estudio en los incluidos en un estudio de LEE011 promovido por Novartis. Además, estos pacientes deben continuar beneficiándose de ribociclib solo o en combinación con otros agentes."
Se realiza un ensayo clínico para ver el beneficio que puede tener un fármaco hipolipemiante conocido como es pitavastatina en pacientes con cáncer de próstata avanzado y que están siendo tratados con los nuevos antiandrógenos,"Se realiza un ensayo clínico para ver el beneficio que puede tener pitavastatina, un medicamento hipolipemiante conocido (para reducir los niveles de colesterol). Se estudiará en pacientes con cáncer de próstata avanzado que están siendo tratados con los nuevos antiandrógenos (medicamentos contra las hormonas masculinas)",Se realizará un ensayo clínico para ver el beneficio que puede tener un fármaco hipolipemiante (que reduce el nivel de colesterol) conocido como es pitavastatina en pacientes con cáncer de próstata avanzado. Estos pacientes están siendo tratados con los nuevos antiandrógenos.
"El diagnostico estará definido por la demostración de mutaciones bialélicas en genes conocidos de la enfermedad, y/o un estudio de fragilidad cromosómica positivo en linfocitos y/o fibroblastos cutáneos (en casos de mosaicismo).","El diagnostico se realizará demostrando mutaciones en dos alelos (las dos formas de un gen) en genes conocidos de la enfermedad. También se diagnosticará por un estudio de fragilidad de los cromosomas positivo en linfocitos (glóbulos blancos) y/o fibroblastos (células del tejido conjuntivo de la piel). Esto último se aplicará en casos de mosaicismo (existencia de células con distintos conjuntos de cromosomas, debido a mutaciones).","El diagnóstico estará definido por la demostración de mutaciones bialélicas (en dos cromosomas) en genes conocidos de la enfermedad. O también por un estudio de fragilidad cromosómica positivo en linfocitos y/o fibroblastos cutáneos (en células de la piel). En casos de mosaicismo (varones con un solo tipo de cromosoma), se estudiará la fragilidad cromosómica en linfocitos y/o fibroblastos de la piel."
Estudio que compara ABT-494 con Placebo y con Adalimumab en pacientes con Artritis Reumatoide que están con dosis estables de Metotrexato y que tienen una respuesta inadecuada a Metotrexato (SELECT-COMPARE),"Estudio que compara el ABT-494 con placebo (sustancia sin actividad farmacológica) y con adalimumab en pacientes con artritis reumatoide que están con dosis estables de metotrexato. Sin embargo, tienen una respuesta inadecuada a metotrexato (SELECT-COMPARE)",Estudio que compara ABT-494 con Placebo (sustancia sin actividad farmacológica) y con Adalimumab. Se estudiará en pacientes con Artritis Reumatoide que están con dosis estables de Metotrexato y que tienen una respuesta inadecuada a Metotrexato (estudio SELECT-COMPARE).
"Presencia de EHNA demostrada por los siguientes: EHNA con fibrosis en estadio 2 o 3 confirmada mediante la evaluación de un lector central, según la puntuación de la actividad de EHGNA (NAS) y los criterios de EHNA de la CRN, de biopsia hepática obtenida menos de 6 meses antes de la aleatorización.","Presencia de esteatohepatitis (inflamación del hígado por acumulación de grasa) no debida al alcohol (EHNA) demostrada por fibrosis en estadio 2 o 3. Será confirmada mediante la evaluación de un lector central de biopsia de hígado obtenida menos de 6 meses antes de la selección al azar. Dicha evaluación seguirá la puntuación de la actividad de la enfermedad del hígado graso no alcohólica (NAS, NAFLD Activity Score). También se seguirán los criterios de EHNA de la Clinical Research Network (CRN).","Presencia de enfermedad hepatocelular avanzada (EHNA) confirmada mediante la evaluación de un lector central. Se seguirán los criterios de la enfermedad hepatocelular (CRN) y los criterios de la enfermedad hepatocelular (CRN) de biopsia del hígado, obtenidos menos de 6 meses antes de la selección al azar."
"Enfermedad febril reciente (definida como temperatura bucal o timpánica ≥38,0 ºC, temperatura axilar o temporal ≥37,4 ºC o temperatura rectal ≥37,4ºC) o recepción de tratamiento antibiótico por cualquier enfermedad aguda en las 72 horas previas a la administración de la vacuna del estudio.","Enfermedad con fiebre reciente. La fiebre se define como temperatura en la boca o el tímpano igual o superior a 38,0 ºC. Será igual o superior a 37,4 ºC en la axila o en la frente, o igual o superior a 37,4ºC en el recto. Y recibir tratamiento antibiótico (para infecciones por bacterias) por cualquier enfermedad aguda en las 72 horas antes de administrar la vacuna del estudio.","Enfermedad febril reciente (definida como temperatura bucal o timpánica ≥38,0 ºC, temperatura axilar o temporal ≥37,4 ºC o temperatura rectal ≥37,4ºC) o recepción de tratamiento antibiótico por cualquier enfermedad aguda en las 72 horas previas a la administración de la vacuna del estudio."
"Pacientes con diagnóstico de melanoma, de cáncer de mama o de cabeza y cuello confirmado histológicamente y candidato a resección quirúrgica con mapeo de ganglios linfáticos e identificación de ganglio centinela como parte del plan quirúrgico.","Pacientes con diagnóstico de melanoma (un tipo de cáncer de piel), de cáncer de mama o de cabeza y cuello confirmado histológicamente (por análisis de tejidos). Además, estos pacientes serán candidatos a una extirpación con mapeo de ganglios linfáticos e identificación de ganglio centinela como parte del plan de la operación. El ganglio centinela es el primero que encuentran las células tumorales al diseminarse.","Pacientes con diagnóstico confirmado histológicamente de melanoma, cáncer de mama o cabeza y cuello. Estos pacientes serán candidatos a resección quirúrgica con mapeo de ganglios linfáticos e identificación de ganglio centinela como parte del plan."
"Estudio Fase 3, multicéntrico, aleatorizado, doble ciego, controlado con placebo para determinar la eficacia y seguridad de BIIB122/DNL151 en participantes con enfermedad de Parkinson y variantes patógenas de LRRK2","Estudio de investigación clínica, en varios centros, con placebo (sustancia sin actividad farmacológica) para determinar la eficacia y seguridad del medicamento BIIB122/DNL151. Se evaluará en participantes con enfermedad de Parkinson y variantes del gen LRRK2 que causan alteraciones.","Estudio clínico de investigación en varios centros, con placebo (sustancia sin actividad farmacológica), para determinar la eficacia y seguridad del medicamento BIIB122/DNL151 en participantes con enfermedad de Parkinson y variantes patógenas de LRRK2."
Pacientes que otorguen su consentimiento firmado antes de proceder a cualquier evaluación y consientan expresamente la inclusión de los datos de su historia clínica así como los resultantes de la participación en el estudio en un fichero de datos personales bajo la responsabilidad del Centro.,"Pacientes que otorguen su consentimiento firmado antes de cualquier evaluación. Además, deben consentir que se incluya su historia clínica y los resultados de su participación en el estudio en un fichero de datos personales. Dicho fichero estará bajo la responsabilidad del Centro.",Pacientes que otorguen su consentimiento firmado antes de proceder a cualquier evaluación y que consentan expresamente la inclusión de los datos de su historia clínica y los resultantes de la participación en el estudio en un fichero de datos personales. Estos datos serán bajo la responsabilidad del Centro.
"Estudio multicéntrico, aleatorizado, con doble enmascaramiento, controlado con placebo y con grupos paralelos para evaluar la eficacia y la seguridad de dupilumab en pacientes adultos con penfigoide ampolloso",Estudio en varios centros con placebo (sustancia sin actividad farmacológica) y con grupos paralelos. Evaluará la eficacia y la seguridad del medicamento dupilumab en pacientes adultos con penfigoide ampolloso. El penfigoide ampolloso es un trastorno autoinmunitario que se presenta cuando el sistema inmunitario del cuerpo ataca y destruye tejido corporal saludable.,"Estudio clínico en varios centros, con placebo (sustancia sin actividad farmacológica) y grupos paralelos. Evaluará la eficacia y la seguridad de dupilumab en pacientes adultos con penfigoide ampolloso. Penfigoide ampolloso es una enfermedad rara que causa el crecimiento de un solo píxel en el ojo."
"En relación con los participantes a los que se les hubiera realizado una biopsia hepática entre 3 y 6 meses antes de la visita de selección, deben presentar un peso estable (es decir, una variación en el peso corporal inferior al 5 %) en el período comprendido entre dicha biopsia y la visita de selección.","Los participantes a quienes se les hubiera realizado una biopsia del hígado entre 3 y 6 meses antes de la visita de selección, deben presentar un peso estable. Esto significa que deben presentar una variación en el peso inferior al 5 % en el período entre la biopsia y la visita de selección.","En relación con los participantes a los que se les hubiera realizado una biopsia del hígado entre 3 y 6 meses antes de la visita de selección, deben presentar un peso estable. Esto significa que la variación en el peso corporal debe ser inferior al 5 %."
Seguridad y tolerabilidad a largo plazo de inclisirán en participantes con hipercolesterolemia familiar heterocigótica o hipercolesterolemia familiar homocigótica que hayan finalizado los estudios para adolescentes ORION-16 u ORION-13.,Seguridad y si es tolerable a largo plazo del medicamento inclisirán en participantes con hipercolesterolemia familiar (niveles altos de colesterol hereditario). Puede ser heterocigótica (heredada del padre o la madre) u homocigótica (heredada de ambos). Estos pacientes habrán finalizado los estudios para adolescentes ORION-16 u ORION-13.,Seguridad y tolerabilidad a largo plazo de los medicamentos inclisirán en participantes con hipercolesterolemia familiar heterocigótica o homocigótica. Estos pacientes habrán finalizado los estudios para adolescentes ORION-16 u ORION-13.
Estudio abierto para evaluar la seguridad a largo plazo de BCX9930 en monoterapia en sujetos con hemoglobinuria paroxística nocturna que habían recibido previamente BCX9930 en un estudio promovido por BioCryst,Estudio de investigación clínica para evaluar la seguridad a largo plazo del fármaco BCX9930 en tratamiento único. Se estudiará en sujetos con hemoglobinuria paroxística nocturna que habían recibido previamente BCX9930 en un estudio promovido por BioCryst. La hemoglobinuria paroxística nocturna es un trastorno de la sangre que afecta a los glóbulos rojos.,Estudio clínico abierto para evaluar la seguridad a largo plazo del medicamento BCX9930 en tratamiento único. Se estudiará en sujetos con hemoglobinuria paroxística nocturna (tensión alta y niveles bajos de hemoglobina en sangre) que habían recibido previamente BCX9930 en un estudio promovido por BioCryst.
"Estudio Fase 2 Multicéntrico de extensión abierto para observar la eficacia, seguridad y tolerabilidad a largo plazo de la administración de ABT-494 en pacientes con Enfermedad de Crohn.","Estudio para observar la eficacia y seguridad a largo plazo de la administración de ABT-494, y si se tolera bien. Es un ensayo en fase 2, en varios centros, de extensión de otro estudio, en pacientes con enfermedad de Crohn.","Estudio clínico de extensión en varios centros para observar la eficacia, seguridad y si es tolerable a largo plazo de la administración del medicamento ABT-494. Se estudiará en pacientes con Enfermedad de Crohn."
"Un acontecimiento adverso (AA) continuo, que incluye una anormalidad de laboratorio u otra toxicidad inaceptable que, a juicio del investigador, compromete la capacidad del sujeto para continuar los procedimientos específicos del estudio o se considera que no es lo mejor para el sujeto continuar o la evaluación de riesgo-beneficio ya no está a favor del tratamiento continuo del sujeto.","Un acontecimiento adverso continuo que incluye una anormalidad de laboratorio u otra toxicidad (reacción adversa) inaceptable. Dicho acontecimiento compromete, según el investigador, la capacidad del sujeto para continuar los procedimientos específicos del estudio. O bien, el investigador considera que continuar no es lo mejor para el sujeto o que la evaluación de riesgos y beneficios ya no compensa el tratamiento continuo del sujeto.","Un acontecimiento adverso continuo que incluye una anomalía de laboratorio u otra toxicidad inaceptable. Esta toxicidad compromete la capacidad del sujeto para continuar los procedimientos específicos del estudio. También, si se considera que no es lo mejor para el sujeto continuar la evaluación de riesgo-beneficio, no se considera que el tratamiento continuo es lo mejor para el sujeto."
"Estudio de fase II con tres brazos de control: Lurbinectedin (PM01183) solo, o en combinación con gemcitabina o docetaxel solo en el tratamiento en segunda línea de cáncer de pulmón no microcítico no resecable.","Estudio de investigación clínica de seguridad y eficacia con tres opciones de tratamiento: Lurbinectedin (PM01183) solo, o en combinación con gemcitabina o docetaxel solo. Se aplicará en el tratamiento en segunda línea (aplicado después del tratamiento inicial) de cáncer de pulmón de células no pequeñas y no operable.","Estudio de investigación clínica con tres brazos de control: Lurbinectedin (PM01183) solo, o en combinación con gemcitabina o docetaxel solo en el tratamiento en segunda línea (último tratamiento disponible). Se estudiará en cáncer de pulmón no microcítico no resecable."
Utilidad de la canagliflozina (CANA) en el control de la hiperpotasemia de los pacientes con enfermedad renal crónica estadio 3 secundaria a nefropatía diabética: un ensayo clínico aleatorizado de bajo nivel de intervención,Ensayo clínico de bajo nivel de intervención. Estudiará si la canagliflozina es útil para controlar la hiperpotasemia (niveles altos de potasio en sangre). Se evaluará en pacientes con enfermedad renal crónica estadio 3 (pérdida leve o grave de la función renal) debido a enfermedad del riñón por diabetes.,Un ensayo clínico de bajo nivel de intervención para evaluar la utilidad de la canagliflozina en el control de la hiperpotasemia (elevación de potasio) de los pacientes con enfermedad renal crónica estadio 3. Esta enfermedad se produce por nefropatía diabética (enfermedad de las glomerulos por el diabetes).
"Participantes (incluidos los que reciben un régimen de diálisis peritoneal estable durante un mínimo de 2 meses) que requieren tratamiento a largo plazo para la hiperpotasemia (hiperpotasemia crónica) en la cohorte de edad ≥ 2 años, y participantes que requieren tratamiento a corto o largo plazo para la hiperpotasemia (hiperpotasemia aguda y crónica) en la cohorte de edad < 2 años.",Participantes que requieren tratamiento a largo plazo para los niveles altos de potasio en sangre crónicos (grupo de edad superior o igual a 2 años). Se incluyen los que reciben diálisis peritoneal estable durante mínimo 2 meses. La diálisis peritoneal es la depuración de la sangre usando la membrana que recubre el interior del abdomen. También se incluyen participantes que requieren tratamiento a corto o largo plazo para los niveles altos de potasio en sangre (agudos y crónicos) en el grupo inferior a 2 años.,"Participantes que requieren tratamiento a largo plazo para la hiperpotasemia (elevación de potasio) en la cohorte de edad ≥ 2 años. También, participantes que requieren tratamiento a corto o largo plazo para la hiperpotasemia en la cohorte de edad < 2 años. Se incluyen los que reciben un régimen de diálisis peritoneal estable durante un mínimo de 2 meses."
Estudio de Seguimiento para obtener datos a largo plazo de pacientes que bien alcanzaron una respuesta virológica mantenida o que no alcanzaron una respuesta virológica mantenida en un estudio de hepatitis C llevado a cabo por Abbvie. ,Estudio de seguimiento para obtener datos a largo plazo de pacientes que alcanzaron o no una respuesta virológica mantenida en un estudio de hepatitis C llevado a cabo por Abbvie. La respuesta virológica mantenida es la desaparición del virus en sangre cierto tiempo después del tratamiento.,Estudio de seguimiento para obtener datos a largo plazo de pacientes que bien alcanzaron una respuesta virológica mantenida o que no alcanzaron una respuesta virológica mantenida en un estudio de hepatitis C. Este estudio se llevará a cabo por Abbvie.
Pacientes que estén recibiendo everolimus en combinación con tratamientos experimentales o no aprobados para el control de las crisis epilépticas (los fármacos antiepilépticos (AEDs) están permitidos para controlar las crisis epilépticas).,Pacientes que estén recibiendo everolimus en combinación con tratamientos experimentales o no aprobados para el control de las crisis epilépticas. Los fármacos antiepilépticos (AEDs) están permitidos para controlar las crisis epilépticas.,Pacientes que estén recibiendo el medicamento everolimus en combinación con tratamientos experimentales o no aprobados para controlar las crisis epilépticas. Los fármacos antiepilépticos (para tratar las enfermedades del sistema nervioso) están permitidos para controlar las crisis epilépticas.
"Protocolo de extensión, multicéntrico, abierto para pacientes que hayan participado en un estudio de ribociclib (LEE011) promovido por Novartis y continúen obteniendo beneficio de ribociclib en monoterapia o en combinación con otros tratamientos en investigación","Protocolo de extensión, en varios centros, para pacientes que hayan participado en un estudio de ribociclib (LEE011) promovido por Novartis. Estos pacientes continuarán obteniendo beneficio de ribociclib en tratamiento único o en combinación con otros tratamientos en investigación.","Estudio de extensión, en varios centros, para pacientes que hayan participado en un estudio de ribociclib (LEE011) promovido por Novartis. Estos pacientes continúan obteniendo beneficio de ribociclib en tratamiento único o en combinación con otros tratamientos en investigación."
Las pacientes que tengan un resultado positivo en el test de embarazo en el momento basal (visita final del estudio M14-234) o que estén considerando quedarse embarazadas durante el estudio.,"Las pacientes que tengan un resultado positivo en el test de embarazo en el momento basal (antes de la intervención del estudio, visita final del estudio M14-234). O bien, las pacientes que estén considerando quedarse embarazadas durante el estudio.",Pacientes que tengan un resultado positivo en el test de embarazo en el momento basal (visita final del estudio M14-234) o que estén considerando quedarse embarazadas durante el estudio.
"Pacientes de ambos sexos con enfermedad coronaria arteriosclerótica y oclusiones crónicas de más de 3 meses en los que se haya conseguido la recanalización con éxito, implantándose stents medicados, y en los que a pesar de ello persista la disfunción ventricular.","Pacientes hombres y mujeres con enfermedad coronaria arteriosclerótica (endurecimiento de las arterias del corazón) y oclusiones crónicas de más de 3 meses. En ellos se habrá conseguido la recanalización con éxito (eliminar la obstrucción), para implantar stents medicados (un tipo de muelle con fármacos). Pero persistirá la disfunción ventricular (mal funcionamiento del corazón).","Pacientes de ambos sexos con enfermedad coronaria arteriosclerótica (estrechamiento de las arterias coronarias por placas de grasa) y oclusiones (bloqueos de flujo) crónicas de más de 3 meses. En estos casos, se ha conseguido la recanalización (reperfusioniar el corazón) con éxito, implantándose stents (catéteres) medicados. Además, a pesar de ello, persiste la disfunción ventricular (deterioro del funcionamiento del corazón)."
"Además, las participantes no deben donar óvulos durante el estudio ni tampoco durante al menos 126 días (18 semanas) tras la última dosis del tratamiento del estudio","Además, las participantes no deben donar óvulos durante el estudio. Tampoco lo harán durante al menos 126 días (18 semanas) tras la última dosis del tratamiento del estudio","Además, las participantes no deben donar óvulos durante el estudio ni tampoco durante al menos 126 días (18 semanas) tras la última dosis del tratamiento del estudio."
"Participantes de ambos sexos con un diagnóstico de HFHe o HFHo que hayan finalizado los estudios ORION-16 u ORION-13, entendiendo por ello que hayan recibido la última dosis del fármaco del estudio y hayan completado la visita final del estudio según el protocolo correspondiente.",Participantes de ambos sexos con un diagnóstico de hipercolesterolemia familiar heterocigótica u homocigótica (niveles altos de colesterol hereditario) que hayan finalizado los estudios ORION-16 u ORION-13. Esto significa que habrán recibido la última dosis del medicamento del estudio y habrán completado la visita final del mismo según el protocolo correspondiente.,Participantes de ambos sexos con un diagnóstico de enfermedad de corazón insuficiencia (o insuficiencia de corazón) que hayan finalizado los estudios ORION-16 u ORION-13. Esto significa que hayan recibido la última dosis del fármaco del estudio y hayan completado la visita final del estudio según el protocolo correspondiente.
Las mujeres en edad fértil deben tener un test de embarazo negativo antes de la aleatorización y el compromiso de usar como mínimo uno de los siguientes métodos anticonceptivos:,"Las mujeres en edad fértil deben tener un test de embarazo negativo antes de ser asignados al tratamiento al azar. Además, deben comprometerse a usar como mínimo uno de los siguientes métodos anticonceptivos:",Las mujeres en edad fértil deben tener un test de embarazo negativo antes de la aleatorización y el compromiso de usar como mínimo uno de los siguientes métodos anticonceptivos.
Estudio multicéntrico para evaluar la seguridad y eficacia de psilocibina en pacientes con depresión refractaria al tratamiento después de completar los ensayos COMP 001 y COMP 003 (P-TRD LTFU),Estudio en varios centros para evaluar la seguridad y eficacia de psilocibina en pacientes con depresión que no responde al tratamiento. Se estudiará después de que los pacientes hayan completado los ensayos COMP 001 y COMP 003 (estudio P-TRD LTFU),Estudio clínico en varios centros para evaluar la seguridad y eficacia de psilocibina en pacientes con depresión que no responde al tratamiento. Estos pacientes han completado los ensayos COMP 001 y COMP 003 (P-TRD LTFU).
"Pacientes quemados mayores de 14 años y menores de 75 años con taquicardia sinusal (>100 latidos por minuto) y necesidad de ventilación mecánica invasiva, ingresados en nuestra Unidad durante un periodo estimado de 2 años.",Pacientes quemados mayores de 14 años y menores de 75 años con taquicardia sinusal (más de 100 latidos por minuto) y necesidad de ventilación mecánica invasiva (respiración artificial mediante un tubo en la boca o la nariz). Se incluirán los ingresados en nuestra Unidad durante un periodo estimado de dos años.,"Pacientes quemados mayores de 14 años y menores de 75 años con taquicardia sinusal (taponamiento del corazón) sin control adecuado (latidos por minuto superiores a 100). Además, necesitan ventilación mecánica invasiva. Estos pacientes ingresaron en nuestra Unidad durante un periodo estimado de 2 años."
Demostrar que pacientes con tratamiento analgésico van a tener menos grado de dolor que los pacientes con la misma analgesia y se les realice una aplicación tópica de lidocaína al 2% en la cura.,Demostrar que el tratamiento analgésico (para el dolor) más lidocaína al 2% en la cura tópica (aplicado en la piel) causará menos dolor que solo la analgesia convencional.,"Demostrar que pacientes con tratamiento analgésico van a tener menos grado de dolor que los pacientes con la misma analgesia. Además, se les realice una aplicación tópica (en la piel) de lidocaína al 2% para la cura."
"Estudio randomizado, doble ciego, con grupos de tratamiento paralelos, para evaluar la seguridad y el efecto sobre el resultado clínico de tocilizumab SC frente a placebo SC en combinación con fármacos antirreumáticos modificadores de la enfermedad (FAMEs) tradicionales, en pacientes con artritis reumatoide activa moderada a severa.",Estudio de investigación clínica con grupos de tratamiento paralelos. Evaluará la seguridad y el efecto de tocilizumab administrado por debajo de la piel frente a placebo (sustancia sin actividad farmacológica) administrado por debajo de la piel en combinación con fármacos antirreumáticos modificadores de la enfermedad tradicionales. Se estudiará en pacientes con artritis reumatoide activa moderada a severa.,Estudio clínico de investigación sobre la seguridad y el efecto de tocilizumab subcutáneo frente a placebo subcutáneo en combinación con fármacos antirreumáticos modificadores de la enfermedad (FAMEs) tradicionales. Se estudiará en pacientes con artritis reumatoide activa moderada a severa.
"Se incluirán aquellos pacientes con cambios degenerativos espondiloartrósicos (hernia discal, estenosis de canal estenosis de recesos laterales, estenosis de foramen de conjunción, espondilolistesis) que no verifiquen los criterios de exclusión.","Se incluirán aquellos pacientes con cambios degenerativos por espondiloartrosis (artrosis de la columna vertebral) que no cumplan los criterios de exclusión. Dichos cambios pueden ser: hernia discal, estenosis (estrechamiento) de canal o estenosis de recesos laterales (espacios hacia los lados de las vértebras). También pueden ser estenosis de foramen de conjunción (abertura en la unión entre dos vértebras) o espondilolistesis (desplazamiento de una vértebra sobre otra).","Se incluirán los pacientes con cambios degenerativos espondiloartrósicos (hernia discal, estenosis de canal, estenosis de recesos laterales, estenosis de foramen de conjunción, espondilolistesis) que no verifiquen los criterios de exclusión."
"Ensayo clínico fase II, aleatorizado, para valorar el impacto de diferentes familias de fármacos antirretrovirales en la cinética viral en plasma seminal en pacientes con infección por el VIH sin tratamiento previo.","Ensayo clínico de investigación para evaluar la seguridad y la eficacia, y valorar el impacto de diferentes fármacos antirretrovirales (contra el virus de la inmunodeficiencia humana, causante del SIDA) en la cinética viral (variaciones del nivel de virus) en plasma de semen. Se aplicará en pacientes con infección por el virus de la inmunodeficiencia humana sin tratamiento previo.",Ensayo clínico para valorar el impacto de diferentes familias de fármacos antirretrovirales en la cinética viral en plasma seminal. Se estudiará en pacientes con infección por el virus de la inmunodeficiencia humana (causante del SIDA) sin tratamiento previo.
"No podrá estar embarazada, amamantando, considerando quedarse embarazada o donar óvulos durante el estudio o en los 30 días posteriores al final de la infusión de la medicación del estudio.","No podrá estar embarazada, ni dando el pecho, ni considerando quedarse embarazada o donar óvulos durante el estudio. Tampoco optará por alguna de esas cuatro opciones en los 30 días después de infundir (administrar por goteo en la sangre) la medicación del estudio.","No podrá estar embarazada, amamantando, considerando quedarse embarazada o donar óvulos durante el estudio. También no podrá donar óvulos en los 30 días posteriores al final de la infusión de la medicación del estudio."
Pacientes adultos (≥ 18 años) receptores de alotrasplante de riñón de donante vivo o cadáver que recibieron el trasplante entre 12 y 18 meses antes de su inclusion en el estudio.,Pacientes adultos (de edad igual o superior a 18 años) receptores de trasplante de riñón de otra persona donante viva o cadáver. Estos pacientes recibieron el trasplante entre 12 y 18 meses antes de ser incluidos en el estudio.,Pacientes adultos (≥ 18 años) que reciben un trasplante de riñón de donante vivo o cadáver. Estos pacientes recibieron el trasplante entre 12 y 18 meses antes de su inclusión en el estudio.
"Ensayo clínico aleatorizado, triple ciego, controlado con placebo y multicéntrico sobre la eficacia y seguridad de la colchicina en la reducción de las complicaciones causadas por la neumonía por COVID-19 en pacientes mayores de 75 años con fragilidad moderada",Ensayo clínico de investigación con placebo (sustancia sin actividad farmacológica) en varios centros. Estudiará si la colchicina es eficaz y segura para reducir las complicaciones causadas por la neumonía por COVID-19. Se evaluará en pacientes mayores de 75 años con fragilidad moderada,Ensayo clínico de investigación sobre la eficacia y seguridad de la colchicina en la reducción de las complicaciones causadas por la neumonía por COVID-19. Se estudiará en pacientes mayores de 75 años con fragilidad moderada. También se usará placebo (sustancia sin actividad farmacológica). Será en varios centros.
"Estudio en fase 2, multicéntrico, de extensión en ensayo abierto para observar la eficacia a largo plazo, seguridad y tolerabilidad a repetidas administraciones de ABT 494 en sujetos con Enfermedad de Crohn.","Estudio para observar la eficacia a largo plazo, si es tolerable y la seguridad a repetidas administraciones de ABT 494. Es un ensayo en fase 2, en varios centros, de extensión en ensayo en sujetos con Enfermedad de Crohn.","Estudio clínico de extensión en varios centros para evaluar la eficacia a largo plazo, seguridad y si es tolerable a repetidas administraciones del medicamento ABT 494 en sujetos con Enfermedad de Crohn."
Diagnóstico de cualquier otra patología que a juicio del investigador pueda incrementar el riesgo del sujeto o reducir las posibilidades de obtener datos satisfactorios para lograr los objetivos del estudio.,"Diagnóstico de cualquier otra patología que, según el investigador, pueda incrementar el riesgo del sujeto. También, que ese diagnóstico pueda reducir las posibilidades de obtener datos satisfactorios para lograr los objetivos del estudio.","Diagnóstico de cualquier otra patología que, según el investigador, pueda incrementar el riesgo del sujeto o reducir las posibilidades de obtener datos útiles para lograr los objetivos del estudio."
AdV VBK VJC VHH-6 VEB CMV infecciones y/o enfermedades en pacientes con alto riesgo de contraer estos virus tras un trasplante alogénico de células hematopoyéticas o un trasplante de órganos sólido.,"Infecciones por adenovirus (AdV), virus BK (VBK), virus John Cunningham (VJC), virus del herpes humano 6 (VHH-6); virus de Epstein-Barr (VEB) y citomegalovirus (CMV). Y/o enfermedades en pacientes con alto riesgo de contraer estos virus tras un trasplante de células hematopoyéticas (que dan lugar a los componentes de la sangre) de otro donante o un trasplante de órganos.","Pacientes con alto riesgo de contraer los virus de la inmunodeficiencia humana 1, 5, 6 y CMV tras un trasplante de células hematopoyéticas o de órganos sólido."
Sujeto no podría recibir medicación que interfiera en la coagulación o la función plaquetaria en los 3 días previos a la primera dosis del fármaco del estudio o durante el periodo de tratamiento del estudio. ,El sujeto no podrá recibir medicación que entorpezca la coagulación ni la actividad de las plaquetas. No podrá recibirla en los 3 días anteriores a la primera dosis del medicamento del estudio ni durante el periodo de tratamiento del estudio.,El sujeto no podría recibir medicación que interfiera en la coagulación o la función plaquetaria en los 3 días antes de la primera dosis del medicamento del estudio. Tampoco podría recibir medicación durante el periodo de tratamiento del estudio.
Evaluación de la utilidad clínica de un protocolo estandarizado de estrategias para la disminución de dosis en pacientes con Artritis Reumatoide en remisión clínica a tratamiento con terapias biológicas ,Evaluación de la utilidad clínica de un protocolo estandarizado de estrategias para la disminución de dosis en pacientes con Artritis Reumatoide (AR). La AR estará en fase de disminución de los síntomas en tratamiento con terapias biológicas,Evaluación de la utilidad clínica de un protocolo estandarizado de estrategias para disminuir las dosis en pacientes con Artritis Reumatoide en remisión clínica a tratamiento con terapias biológicas.
"Estudio de plataforma en fase III, aleatorizado y multicéntrico sobre la inhibición de la vía de la IL-23 causada por el p19 para establecer la eficacia en la enfermedad de Crohn pediátrica (MACARONI-23)","Estudio de investigación clínica en varios centros. Evaluará la inhibición de la vía de la interleucina 23 (sustancia del sistema inmunitario) causada por la subunidad p19. Se estudiará si se puede controlar el efecto de la interleucina 23 a partir de una proteína que la compone (p19). Se establecerá la eficacia en la enfermedad de Crohn pediátrica, que causa inflamación crónica en el intestino y puede desarrollar úlceras (Estudio MACARONI-23)",Estudio de investigación clínica en varios centros sobre la eficacia de la inhibición de la vía de la interleucina-23 causada por el p19. Se estudiará para establecer la eficacia en la enfermedad de Crohn pediátrica (MACARONI-23).
Sujetos que no estén disponibles para completar todas las visitas o procedimientos del estudio requeridos por el protocolo y / o para cumplir con todos los procedimientos del estudio requeridos según el conocimiento del investigador.,Sujetos que no estén disponibles para completar todas las visitas o procedimientos del estudio requeridos por el protocolo. Sujetos que no puedan cumplir con todos los procedimientos del estudio requeridos según el conocimiento del investigador.,Estudio en el que se requiere que los sujetos completen todas las visitas o procedimientos del estudio requeridos por el protocolo. También se requiere que cumplan con todos los procedimientos del estudio requeridos según el conocimiento del investigador.
"Estudio de extensión, multicéntrico, abierto para evaluar la seguridad a largo plazo de QGE031 240 mg s.c. administrado cada 4 semanas durante 52 semanas en pacientes con urticaria espontánea crónica que hayan completado el estudio CQGE031C2201","Estudio clínico de extensión, en varios centros, para evaluar la seguridad a largo plazo de QGE031 240 mg administrado por debajo de la piel cada 4 semanas durante 52 semanas. Se estudiará en pacientes con urticaria espontánea crónica que hayan completado el estudio CQGE031C2201","Estudio de extensión, en varios centros, para evaluar la seguridad a largo plazo de QGE031 240 mg administrado por la boca cada 4 semanas. Se estudiará durante 52 semanas en pacientes con urticaria espontánea crónica que hayan completado el estudio CQGE031C2201."
Se investiga la disminución del dolor agudo postoperatorio en pacientes mujeres diagnosticadas de cáncer de mama y sometidas a tratamiento quirúrgico.,Se investiga la disminución del dolor agudo tras la operación en mujeres diagnosticadas de cáncer de mama y operadas.,Se investiga la disminución del dolor agudo después de la operación. Se estudiará en mujeres diagnosticadas de cáncer de mama y sometidas a tratamiento quirúrgico.
"Ha tomado un fármaco de estudio en investigación (distinto al reldesemtiv) antes de la administración, dentro de 30 días o cinco semividas del agente anterior, lo que sea mayor","Ha tomado un fármaco de estudio en investigación (distinto al reldesemtiv) antes de darle el medicamento anterior, dentro de 30 días o cinco semividas. Se contemplará lo que sea mayor. Una semivida es el tiempo que tarda el cuerpo en absorber o eliminar la mitad de una sustancia.","Ha tomado un medicamento de estudio en investigación antes de administrarlo. Dicho medicamento es distinto al reldesemtiv. Esto ocurrirá dentro de 30 días o cinco semividas del agente anterior, lo que sea mayor."
"Estudio de fase 3, aleatorizado, doble ciego comparando ABT-494 una vez al día en monoterapia frente a metotrexato (MTX) en monoterapia en sujetos no tratados previamente con MTX con artritis reumatoide activa moderada a grave.","Estudio clínico de investigación de la seguridad y eficacia comparando ABT-494 una vez al día frente a metotrexato (MTX), ambos como tratamiento único. Se evaluará en sujetos no tratados previamente con MTX por artritis reumatoide activa moderada a grave.",Estudio de investigación clínica de seguridad y eficacia comparando ABT-494 una vez al día frente a metotrexato (MTX) en monoterapia. Se estudiará en sujetos no tratados previamente con MTX con artritis reumatoide activa moderada a grave.
Síntomas estables de AP con claudicación intermitente en el estadio IIa de Fontaine (capaz de caminar sin detenerse > 200 m/656 pies/2 calles) durante ≥ 90 días antes del día de la selección según la entrevista con el paciente.,"Síntomas estables de arteriopatía periférica (enfermedad por placas de ateroesclerosis en arterias de las piernas) con claudicación intermitente (dolor muscular por la actividad física, que desaparece en reposo). Estará en el estadio IIa de Fontaine (capaz de caminar sin detenerse más de 200 metros/656 pies/2 calles). Dicha arteriopatía periférica habrá ocurrido durante al menos 90 días antes de la selección según la entrevista con el paciente.",Síntomas estables de antecedente previa de arteriosclerosis plaquetaria (AP) con claudicación intermitente. El paciente puede caminar sin detenerse más de 200 metros (656 pies/2 calles) durante al menos 90 días antes del día de la selección. Este estadio IIa de Fontaine se define como capaz de caminar sin detenerse.
Estudio de registro para evaluar la supervivencia y la seguridad a largo plazo de los sujetos que han recibido previamente talimogene laherparepvec en ensayos clínicos promovidos por Amgen o BioVEX,Estudio de registro para evaluar la supervivencia y la seguridad a largo plazo de los sujetos que han recibido previamente el medicamento talimogene laherparepvec. Lo habrán recibido en ensayos clínicos promovidos por Amgen o BioVEX.,Estudio de registro para evaluar la supervivencia y la seguridad a largo plazo de los sujetos que han recibido previamente talimogene laherparepvec en ensayos clínicos promovidos por Amgen o BioVEX.
"Ensayo de Trastuzumab Deruxtecan (DS-8201a, T-DXd) frente a quimioterapia a elección del investigador en pacientes con cáncer de mama con expresión HER2-Low y receptores hormonales positivos, cuya enfermedad ha progresado durante el tratamiento endocrino en el contexto metastásico","Ensayo de Trastuzumab Deruxtecan (DS-8201a, T-DXd) frente a quimioterapia a elección del investigador. Se evaluará en pacientes con cáncer de mama con baja expresión de proteínas HER2 y receptores hormonales positivos. Su enfermedad habrá empeorado durante el tratamiento endocrino en el contexto metastásico (enfermedad expandida a otro lugar distinto de donde comenzó)",Ensayo clínico de trastuzumab deruxtecan frente a quimioterapia a elección del investigador. Se estudiará en pacientes con cáncer de mama con expresión HER2-Low y receptores hormonales positivos. Estos pacientes han progresado durante el tratamiento endocrino en el contexto metastásico.
Las mujeres en edad fértil deben tener una prueba de embarazo negativa dentro de los 10 días previos a la asignación al azar en el estudio.,Las mujeres en edad fértil deben tener una prueba de embarazo negativa. Esta prueba se hará dentro de los 10 días antes de la asignación al azar en el estudio.,Las mujeres en edad fértil deben tener una prueba de embarazo negativa dentro de los 10 días antes de la asignación al azar en el estudio.
"Trastornos hemorrágicos o administración de anticoagulantes en las 3 semanas anteriores a la inclusión, por lo cual quede contraindicada una vacunación intramuscular según el criterio del investigador.","Trastornos de sangrado o administración de anticoagulantes en las 3 semanas antes de ser incluidos en el estudio. Debido a esto podría no ser recomendable una vacuna intramuscular (administrada dentro del músculo), según el criterio del investigador.",Trastornos hemorrágicos o administración de anticoagulantes en las 3 semanas antes de la inclusión. Dicho trastorno o procedimiento quedaría contraindicado una vacunación intramuscular (administrada por debajo de la piel) según el criterio del investigador.
"Ensayo clínico abierto, aleatorizado para evaluar el efecto del tratamiento antirretroviral inicial doble vs. triple en el reservorio del VIH-1 y en tejidos periféricos en pacientes infectados por el VIH-1.","Ensayo clínico para evaluar el efecto del tratamiento antirretroviral (tratar el virus de la inmunodeficiencia humana, VIH, causante del SIDA) inicial doble frente a triple. Se estudiará en el reservorio (las células infectadas) del VIH tipo 1 y en tejidos de brazos o piernas en pacientes infectados por este virus.","Ensayo clínico abierto, aleatorizado para evaluar el efecto del tratamiento antirretroviral inicial doble vs. triple en el reservorio del virus de la inmunodeficiencia humana 1 y en tejidos periféricos. Se estudiará en pacientes infectados por el virus de la inmunodeficiencia humana 1."
"Mujer embarazada o que planee quedarse embarazada durante el estudio, o amamantando u hombres que son pareja de mujeres embarazadas o que planeen quedarse embarazadas durante el estudio.","Mujer amamantando, embarazada o que planee quedarse embarazada durante el estudio. Hombres que son pareja de mujeres embarazadas o que planeen quedarse embarazadas durante el estudio.","Mujer embarazada o que planee quedarse embarazada durante el estudio, o amamantando u hombres que son pareja de mujeres embarazadas o que planeen quedarse embarazadas durante el estudio."
"Estudio en fase II abierto y aleatorizado de MORAb-202 (farletuzumab ecteribulina), un conjugado de anticuerpo y fármaco dirigido al receptor α de folato, en participantes con adenocarcinoma (AC) de pulmón no microcítico (ACPNM) metastásico después de haber progresado con tratamientos anteriores","Estudio clínico de investigación de seguridad y eficacia de MORAb-202 (farletuzumab ecteribulina), un conjugado de anticuerpo y fármaco dirigido al receptor alfa de folato. Se estudiará en participantes con adenocarcinoma (cáncer) de pulmón de células no pequeñas metastásico después de haber empeorado con tratamientos anteriores","Estudio de investigación clínica de MORAb-202 (farletuzumab ecteribulina), un conjugado de anticuerpo y fármaco dirigido al receptor α de folato. Se estudiará en participantes con adenocarcinoma (AC) de pulmón no microcítico (adenocarcinoma de pulmón no pequeño) metastásico después de haber progresado con tratamientos anteriores."
Las lesiones agudas de la médula espinal cervical son elegibles para pacientes que sufren lesiones de la médula espinal dentro de los 4 a 28 días posteriores a la lesión.,Cumplen los requisitos las lesiones agudas de la médula espinal de la zona del cuello de pacientes que sufren las lesiones dentro de los 4 a 28 días después de la lesión.,Las lesiones agudas de la médula espinal cervical son elegibles para pacientes que sufren lesiones de la médula espinal dentro de los 4 a 28 días después de la lesión.
"Adenovirus (AdV), virus BK (VBK), virus John Cunningham (VJC), virus del herpes humano 6 (VHH-6); virus de Epstein-Barr (VEB) y citomegalovirus (CMV), infecciones y/o enfermedades en pacientes con alto riesgo de contraer estos virus tras un trasplante de progenitores hematopoyéticos (TPH) o un trasplante de órganos sólidos (TOS).","Infecciones por adenovirus (AdV), virus BK (VBK), virus John Cunningham (VJC), virus del herpes humano 6 (VHH-6), virus de Epstein-Barr (VEB) y citomegalovirus (CMV). Y/o enfermedades en pacientes con alto riesgo de contraer estos virus tras un trasplante de progenitores hematopoyéticos (células madre de los componentes de la sangre) o un trasplante de órganos sólidos.","Los siguientes virus pueden infectar a pacientes con alto riesgo de contraerlos tras un trasplante de progenitores hematopoyéticos (que generan los tipos de células sanguíneas) o trasplante de órganos sólidos. Son el adenovirus, virus BK, virus John Cunningham, virus de Epstein-Barr y citomegalovirus. También pueden infectarse infecciones y/o enfermedades."
Comparación de dos protocolos de estimulación ovárica controlada con menotropina altamente purificada en pacientes bajas respondedoras según criterios de Bolonia tratadas en hospitales públicos españoles. ,"Comparación de dos protocolos de estimulación ovárica controlada con menotropina altamente purificada. Se evaluará en pacientes que son bajas respondedoras, según criterios de Bolonia, y tratadas en hospitales públicos españoles.",Comparación de dos protocolos de estimulación ovárica controlada con menotropina altamente purificada. Se estudiará en pacientes con baja respuesta a la estimulación según criterios de Bolonia. Estos pacientes han sido tratados en hospitales públicos españoles.
"Estudio multicéntrico, aleatorizado, doble ciego y de grupos paralelos para evaluar la eficacia, seguridad y tolerabilidad de una terapia de combinación con tropifexor (LJN452) y licogliflozina (LIK066) por vía oral, en comparación con cada uno de ellos en monoterapia, para el tratamiento de pacientes adultos con esteatohepatitis no alcohólica (EHNA) y fibrosis hepática (ELIVATE).","Estudio clínico en varios centros y de grupos paralelos para tratar pacientes adultos con esteatohepatitis (inflamación del hígado por acumulación de grasa) no debida al alcohol (EHNA) y fibrosis del hígado (ELIVATE). Evaluará la eficacia, seguridad y si es tolerable una terapia combinando tropifexor (LJN452) y licogliflozina (LIK066) administrados por la boca. Se comparará con cada uno de estos medicamentos en tratamiento único.","Estudio clínico en varios centros, de grupos paralelos, para evaluar la eficacia, seguridad y tolerabilidad de una terapia de combinación con tropifexor (LJN452) y licogliflozina (LIK066) por vía oral. Se comparará con cada uno de ellos en monoterapia (solo una terapia). Se estudiará para el tratamiento de pacientes adultos con esteatohepatitis no alcohólica (EHNA) y fibrosis hepática (ELIVATE). Este es un tipo de enfermedad de la hígado causado por el exceso de grasa en el hígado."
"Después de haber recibido la información verbal y escrita acerca del estudio, el paciente debe entregar el Consentimiento Informado firmado y fechado antes de realizar ninguna actividad relacionada con el estudio.","Después de haber recibido la información verbal y escrita acerca del estudio, el paciente debe entregar el consentimiento informado. Será firmado y fechado antes de realizar ninguna actividad relacionada con dicho estudio.",El paciente debe firmar y fechado el consentimiento informado antes de realizar ninguna actividad relacionada con el estudio. Este consentimiento se dará después de haber recibido la información verbal y escrita sobre el estudio.
"Pacientes con LMA recién diagnosticada, confirmada citológica o histológicamente de novo o secundaria, que no han recibido tratamiento previo, según la clasificación de la OMS (excepto en el caso de la leucemia promielocítica aguda [LPA]).","Pacientes con leucemia mieloide aguda (cáncer de la sangre y médula ósea) recién diagnosticada. Se habrá confirmado citológica o histológicamente (por análisis de células o tejidos) por primera vez, o será secundaria (debida a otras causas). Además, estos pacientes no habrán recibido tratamiento previo, según la clasificación de la Organización Mundial de la Salud (excepto en el caso de la leucemia promielocítica aguda [LPA]).","Pacientes con leucemia mieloide aguda (LMA) recién diagnosticada, confirmada citológicamente o histológicamente de nuevo o secundaria. Estos pacientes no han recibido tratamiento previo, según la clasificación de la Organización Mundial de la Sanguedad (OMS). La excepción es la leucemia promielocítica aguda [LPA]."
"Estudio fase 3, aleatorizado, doble ciego, que compara ABT-494 con placebo y con adalimumab en pacientes con artritis psoriásica activa, con una historia previa de respuesta inadecuada a al menos un fármaco modificador de la enfermedad (FAME) no biológico, en artritis psoriásica – SELECT-PsA 1","Estudio de investigación clínica para evaluar la seguridad y la eficacia, que compara ABT-494 con placebo (sustancia sin actividad farmacológica) y con adalimumab. Se evaluará en pacientes con artritis psoriásica activa. Estos pacientes tendrán una historia previa de respuesta inadecuada a al menos un fármaco modificador de la enfermedad (FAME) no biológico – SELECT-PsA 1","Estudio de investigación clínica de seguridad y eficacia, en pacientes con artritis psoriásica activa, en el que se compara ABT-494 con placebo (sustancia sin actividad farmacológica) y con adalimumab. Se estudiará en el ensayo SELECT-PsA 1."
"Estudio fase 3, aleatorizado de inmunoterapia en adyuvancia con la combinación de nivolumab e ipilimumab frente a ipilimumab o nivolumab en monoterapia después de resección completa de melanoma en estadio IIIb/c/d o estadio IV.","Estudio de investigación clínica para evaluar la seguridad y la eficacia de inmunoterapia en adyuvancia con la combinación de nivolumab e ipilimumab frente a solo ipilimumab o solo nivolumab. Es decir, frente a cada medicamento contra el cáncer por separado. La inmunoterapia es un tratamiento que usa las propias defensas del paciente para tratar el cáncer. Se estudiará después de extirpar completamente un melanoma en etapas avanzadas de la enfermedad.",Estudio de investigación clínica de seguridad y eficacia de inmunoterapia en adyuvancia con la combinación de nivolumab e ipilimumab frente a ipilimumab o nivolumab en monoterapia después de resección completa de melanoma. Se estudiará en pacientes con melanoma en estadio IIIb/c/d o estadio IV.
"Estudio clínico multicéntrico de fase III estratificado, aleatorizado, con observador ciego y controlado para evaluar la seguridad, la inmunogenicidad y la eficacia de una vacuna tetravalente de subunidades con adyuvante contra el virus de la gripe frente a una vacuna de comparación contra el virus de la gripe sin adyuvante en niños de ≥ 6 a < 72 meses de edad ","Estudio clínico en varios centros estratificado (con distintos grupos separados). Se evaluará la seguridad, la inmunogenicidad (capacidad de estimular las defensas) y la eficacia de una vacuna tetravalente (para cuatro microbios distintos). Esta vacuna tiene subunidades con adyuvante (sustancia que aumenta la respuesta de las defensas) contra el virus de la gripe. Se estudiará frente a una vacuna contra el virus de la gripe sin adyuvante en niños de 6 meses a 6 años de edad.","Estudio clínico en varios centros de fase III (seguridad, eficacia y seguridad del tratamiento) para evaluar la inmunogenicidad (respuesta del sistema inmunitario) y la eficacia de una vacuna tetravalente de subunidades con adyuvante contra el virus de la gripe frente a una vacuna de comparación contra el virus de la gripe sin adyuvante. Se estudiará en niños de 6 años o más a menos de 72 meses de edad."
"Se administrarán aleatoriamente 3 tipos de paracetamol endovenoso diferentes, siendo 2 de ellos portadores de ácido acético como excipiente (60 pacientes de la muestra) y uno de ellos sin",Se administrarán en vena por sorteo 3 tipos de paracetamol diferentes. Dos de ellos contendrán ácido acético como excipiente (60 pacientes de la muestra) y uno de ellos no tendrá ese ácido.,Se administrarán aleatoriamente 3 tipos de paracetamol endovenoso (administrado en vena) diferentes. Se incluirán 2 de ellos con ácido acético como excipiente (60 pacientes de la muestra) y uno de ellos sin.
"Si reciben terapia biológica para el asma (p. ej., anti-IgE, anti-IL5/IL5R, anti-IL4R o linfopoyetina estromal antitímica [TSLP]), los pacientes deben recibir una dosis de mantenimiento estable durante al menos 16 semanas antes a la primera dosis","Si los pacientes reciben terapia biológica para el asma, deben recibir una dosis de mantenimiento estable durante al menos 16 semanas antes de la primera dosis. Ejemplos de medicamentos de terapia biológica son antiinmunoglobulina E (anti-IgE), anticuerpo contra interleucina 5 o su receptor (anti-IL5/IL5R), anticuerpo contra el receptor de interleucina 4 (anti-IL4R) o linfopoyetina estromal antitímica.","Los pacientes que reciben terapia biológica para el asma deben recibir una dosis de mantenimiento estable durante al menos 16 semanas antes a la primera dosis. Los fármacos biológicos utilizados son anti-IgE, anti-IL5/IL5R, anti-IL4R o linfopoyetina estromal antitímica [TSLP]."
"El paciente y el profesional que administra el paracetamol no tendrá conocimiento de cuál es el que se ha administrado, ya que desde el servicio de farmacia nos dispensarán los paracetamol tapados y numerados en 1, 2 o 3 a partir de una tabla de números aleatorios.","El paciente y el profesional que administra el paracetamol no conocerán cuál es el medicamento que se ha administrado. Desde el servicio de farmacia nos dispensarán los paracetamol tapados y numerados en 1, 2 o 3 según una tabla de números obtenidos al azar.","El paciente y el profesional que administra el paracetamol no tendrán conocimiento de cuál se ha administrado, ya que desde el servicio de farmacia se dispensarán los paracetamol tapados y numerados. Estos se darán en 1, 2 o 3 a partir de una tabla de números aleatorios."
"Estudio aleatorizado, doble emmascarado y controlado con placebo para evaluar la eficacia y seguridad de sarilumab administrado por vía subcutánea cada 2 semanas en pacientes con uveítis activa no infecciosa, intermedia o posterior o pan-uveitis ","Estudio de investigación clínica con placebo (sustancia sin actividad farmacológica) que evaluará la eficacia y seguridad de sarilumab administrado por debajo de la piel cada 2 semanas. Se evaluará en pacientes con uveítis (inflamación de la úvea del ojo) activa no infecciosa, de localización intermedia o posterior, o pan-uveítis (inflamación de todo el interior del ojo)","Estudio clínico con placebo (sustancia sin actividad farmacológica) para evaluar la eficacia y seguridad de sarilumab administrado por debajo de la piel cada 2 semanas. Se estudiará en pacientes con uveítis activa no infecciosa, intermedia o posterior o pan-uveitis (inflamación de la uvea)."
"Estudio para evaluar la eficacia y seguridad de risankizumab en sujetos con colitis ulcerosa de moderada a severa activa, que han fallado a una terapia biológica previa.",Estudio para evaluar la eficacia y seguridad de risankizumab en sujetos con colitis ulcerosa de moderada a severa activa. A estos sujetos les ha fallado una terapia biológica previa.,Estudio para evaluar la eficacia y seguridad de risankizumab en sujetos con colitis ulcerosa de moderada a severa activa. Estos sujetos han fallado a una terapia biológica previa.
Paciente con enfermedad terminal (no relacionada con sepsis) definida como pacientes que antes de la hospitalización actual tengan una esperanza de vida < 6 meses (según lo evaluado por el médico del estudio).,Paciente con enfermedad terminal no relacionada con sepsis. Dicha enfermedad se refiere a pacientes que antes de la hospitalización actual tengan una esperanza de vida inferior a 6 meses. Esto lo evaluará el médico del estudio.,Paciente con enfermedad terminal (no relacionada con infección por el organismo) definida como pacientes que antes de la hospitalización actual tengan una esperanza de vida inferior a 6 meses (según lo evaluado por el médico del estudio).
Las pacientes fértiles deberán obtener resultado negativo en una prueba de embarazo en orina en las 24 horas previas a la primera dosis del fármaco del estudio,Las pacientes fértiles deberán obtener resultado negativo en una prueba de embarazo en orina. Se hará en las 24 horas antes de la primera dosis del medicamento del estudio,Las pacientes fértiles deberán obtener resultado negativo en una prueba de embarazo en orina en las 24 horas antes de la primera dosis del medicamento del estudio.
"Estudio de fase III, multicéntrico, aleatorizado y doble ciego de la eficacia y la seguridad de la rezafungina inyectable en comparación con la pauta antimicrobiana de referencia para prevenir enfermedades fúngicas invasivas en adultos que reciben alotrasplante de sangre y médula ósea (estudio ReSPECT)","Estudio de investigación clínica, en varios centros, de la eficacia y la seguridad de la rezafungina inyectable en comparación con la pauta antimicrobiana de referencia. Se evaluará para prevenir enfermedades por hongos invasivas en adultos que reciben trasplante de sangre y médula ósea de otro donante (estudio ReSPECT)","Estudio de investigación clínica en varios centros, aleatorizado y doble ciego de la eficacia y la seguridad de la rezafungina inyectable. Se estudiará en adultos que reciben alotrasplante de sangre y médula ósea (estudio ReSPECT). Este tratamiento se usará para prevenir enfermedades fúngicas invasivas."
"Cualquier afección que, en opinión del investigador, haga que la participación no sea lo mejor para el sujeto (p. ej., pusiera en riesgo su bienestar) o pueda impedir, limitar o confundir las evaluaciones especificadas en el protocolo.","Cualquier problema de salud que, según el investigador, haga que la participación no sea lo mejor para el sujeto (p. ej., pusiera en riesgo su bienestar). También se tendrá en cuenta aquello que pueda impedir, limitar o confundir las evaluaciones especificadas en el protocolo.","Cualquier afección que, según el investigador, haga que la participación no sea lo mejor para el sujeto. O cualquier problema que pueda impedir, limitar o confundir las evaluaciones especificadas en el protocolo. Por ejemplo, pusiera en riesgo su bienestar."
"Sujetos con hipersensibilidad conocida a Risankizumab o a los excipientes de cualquiera de los fármacos del estudio o a los ingredientes de CHO, o que tuvo un acontecimiento adverso durante los Estudios M16 006 o M15-991 que a juicio del Investigador haga que el sujeto no sea adecuado para este estudio.","Sujetos con hipersensibilidad conocida a Risankizumab o a los excipientes de cualquiera de los fármacos del estudio o a los ingredientes de células de ovario de hámster chino (CHO). También, pacientes que tuvieron un acontecimiento adverso durante los estudios M16 006 o M15-991 que, según el investigador, convirtiera al sujeto en no adecuado para este estudio.","Sujetos con hipersensibilidad conocida a Risankizumab o a los excipientes de cualquiera de los fármacos del estudio. O sujetos que tuvieron un acontecimiento adverso durante los Estudios M16 006 o M15-991 que, según el Investigador, haga que el sujeto no sea adecuado para este estudio."
"Sujetos con inflamación ocular activa en los 180 días previos a la visita basal, definidos por la presencia de al menos 1 de los siguientes parámetros",Sujetos con inflamación del ojo activa en los 180 días antes de la visita basal (antes de la intervención del estudio). Los participantes cumplirán al menos 1 de los siguientes parámetros,Enfermos con inflamación activa de la ojo en los 180 días antes de la visita inicial. Esta inflamación se define por la presencia de al menos 1 de los siguientes parámetros.
"Pacientes cuyas familias no accedan a cumplir con los requerimientos y visitas del estudio, o a criterio del médico tratante presenten alto riesgo de incumplimiento del protocolo.","Pacientes cuyas familias no accedan a cumplir con los requerimientos y visitas del estudio. Pacientes que, según el médico tratante, presenten alto riesgo de no cumplir el protocolo.","Pacientes cuyas familias no pueden cumplir con los requerimientos y visitas del estudio, o a criterio del médico tratante presentan alto riesgo de incumplimiento del protocolo."
Tener una endoscopia con evidencia de EC activa definida como puntuación SES-CD ≥6 (o ≥4 para participantes con enfermedad ileal aislada) dentro de las 4 semanas posteriores a recibir la intervención del estudio en la semana 0.,Tener una endoscopia con evidencia de enfermedad de Crohn activa dentro de las 4 semanas después de recibir la intervención del estudio en la semana 0. La evidencia de la enfermedad se define como puntuación en la escala SES-CD superior o igual a 6. O puntuación superior o igual a 4 para participantes con enfermedad ileal aislada (que afecta a una región del intestino).,"Tener una endoscopia con evidencia de enfermedad de Crohn activa definida por puntuación SES-CD (estudio de la enfermedad de Crohn) superior o igual a 6. O bien, tener evidencia de enfermedad de Crohn activa definida por puntuación superior o igual a 4 dentro de las 4 semanas después de recibir la intervención del estudio en la semana 0."
"Estar participando en la actualidad en cualquier otro ensayo clínico en el que se administre un producto en fase de investigación o en cualquier otro tipo de investigación médica que se considere que no es compatible con el estudio, desde un punto de vista científico o médico.","Estar participando en la actualidad en cualquier otro ensayo clínico en el que se administre un producto en fase de investigación. También, estar participando en cualquier otro tipo de investigación médica no compatible con el estudio desde un punto de vista científico o médico.","Estar participando en la actualidad en cualquier otro ensayo clínico en el que se administre un producto en fase de investigación. También, estar participando en cualquier otro tipo de investigación médica que se considere no compatible con el estudio, desde un punto de vista científico o médico."
Tratamiento con múltiples dosis de insulina (1-2 inyecciones diarias de insulina Detemir o Glargina + 3 inyecciones preprandiales de análogo de insulina rápida) o infusión subcutánea continua al menos durante los 12 meses previos al inicio del estudio,"Tratamiento con múltiples dosis de insulina (1-2 inyecciones diarias de insulina Detemir o Glargina más 3 inyecciones antes de comer de análogo de insulina rápida). O bien, se tratarán con infusión (goteo) continua administrada debajo de la piel al menos durante los 12 meses antes del inicio del estudio.",Tratamiento con múltiples dosis de insulina (1-2 inyecciones diarias de insulina Detemir o Glargina + 3 inyecciones preprandiales de análogo de insulina rápida). O infusión subcutánea continua al menos durante los 12 meses antes de iniciar el estudio.
"Una o más condiciones médicas, incluyendo: enfermedad renal, hepática, hematológica, endocrina, neurológica o inmune que, en la opinión del investigador, conviertan al sujeto en un candidato inadecuado para este estudio.","Una o más condiciones médicas que, según el investigador, conviertan al sujeto en un candidato inadecuado para este estudio. Entre esas condiciones médicas se incluye: enfermedad del riñón, del hígado o la sangre, o del sistema endocrino, nervioso o inmunológico.","Una o más condiciones médicas que, según el investigador, conviertan al sujeto a un candidato inadecuado para este estudio. Estas condiciones incluyen: enfermedad renal, hepática, hematológica (del sistema de la sangre), endocrina (del sistema hormonal), neurológica (del sistema nervioso) o inmune (del sistema inmunitario)."
"Como alternativa, la verdadera abstinencia es aceptable para las mujeres en edad fértil, siempre que esto pueda llevarse a cabo, teniendo en cuenta el estilo de vida preferido y habitual de la paciente.","Como alternativa, la verdadera abstinencia es aceptable para las mujeres en edad fértil. Se aceptará siempre que esto pueda llevarse a cabo, teniendo en cuenta el estilo de vida preferido y habitual de la paciente.","La verdadera abstinencia es aceptable para las mujeres en edad fértil. Esto se permite si la paciente puede llevarse a cabo, teniendo en cuenta el estilo de vida preferido y habitual de la paciente."
"Estudio aleatorizado, doble ciego, controlado con placebo, de grupos paralelos para evaluar la eficacia y la seguridad de BMS-986168 administrado por vía intravenosa en participantes con parálisis supranuclear progresiva",Estudio clínico de investigación con placebo (sustancia sin actividad farmacológica) de grupos paralelos para evaluar la eficacia y la seguridad de BMS-986168 (medicamento que interviene en las defensas). Se administrará en vena a participantes con parálisis supranuclear progresiva (enfermedad degenerativa del sistema nervioso).,"Estudio clínico de investigación sobre la seguridad y eficacia de BMS-986168 administrado por vía intravenosa (administrado por la vena). Se estudiará en participantes con parálisis supranuclear progresivo. Un parálisis supranuclear es un trastorno neurológico en el que el cerebro pierde el control sobre los músculos y los nervios, causando rigidez y dificultad para mover los brazos y piernas."
Mujeres embarazadas o en periodo de lactancia o aquellas que pretendan quedar embarazadas durante el periodo del estudio y no se comprometan a utilizar métodos anticonceptivos probados,"Mujeres embarazadas o en periodo de lactancia. O también, mujeres que pretendan quedar embarazadas durante el periodo del estudio y no se comprometan a utilizar métodos anticonceptivos probados",Mujeres embarazadas o en periodo de lactancia. O grupo también incluye aquellas que pretenden quedar embarazadas durante el periodo del estudio y no se comprometan a utilizar métodos anticonceptivos probados.
El sujeto tiene un diagnóstico de linfoma de células T periférico (PTCL) de acuerdo con la edición más reciente de la Organización Mundial de la Salud (OMS) de los tumores de tejidos linfoides o hematopoyéticos de la siguiente manera:,El sujeto tiene un diagnóstico de linfoma de células T periférico (PTCL) de los tumores de tejidos linfoides o hematopoyéticos (que producen las células de la sangre). Este diagnóstico sigue la edición más reciente de la Organización Mundial de la Salud (OMS) y es de la siguiente manera:,El sujeto tiene un diagnóstico de linfoma de células T periférico (de células del sistema linfático) de acuerdo con la edición más reciente de la Organización Mundial de la Salud (OMS) de los tumores de tejidos linfoides o hematopoyéticos. Este es un tipo de cáncer de células del sistema linfático.
"Cualquier afección médica nueva o que empeore (desde que ingresara en el estudio de cualificación de zilucoplan) o cualquier otra razón que, en opinión del investigador o el promotor, descalifique al sujeto de participar en este estudio","Cualquier problema médico nuevo o que empeore (desde que ingresara en el estudio de cualificación de zilucoplan). Cualquier otra razón que, en opinión del investigador o el promotor, incapacite al sujeto para participar en este estudio.","Cualquier problema médico nuevo o que empeore (desde que ingresara en el estudio de cualificación de zilucoplan) o cualquier otra razón que, según el investigador o el promotor, descalifique al sujeto de participar en este estudio."
"La operación índice implicaba la retención de un implante (por ejemplo, DAIR).","La operación de referencia implicaba la retención de un implante (por ejemplo, DAIR). implante DAIR es desbridamiento quirúrgico, antibioterapia y retención del implante","La operación índice implicaba la retención de un implante (por ejemplo, DAIR)."
"Los participantes con una enfermedad intercurrente no controlada o cualquier afección concomitante que, en opinión del investigador, pueda poner en riesgo la seguridad del participante o el cumplimiento del protocolo.","Participantes con una enfermedad no controlada que aparece al mismo tiempo. Participantes con cualquier problema de salud al mismo tiempo que, según el investigador, pueda poner en riesgo la seguridad del participante o el cumplimiento del protocolo.","Los participantes con una enfermedad o problema que no se ha controlado o cualquier enfermedad o problema que, según el investigador, pueda poner en riesgo la seguridad del participante o el cumplimiento del protocolo."
"Eficacia, seguridad y efecto a nivel general de las infiltraciones intraarticulares e intraóseas de Plasma Rico en Plaquetas en pacientes con artrosis de rodilla: Ensayo Clínico Aleatorizado","Ensayo clínico en pacientes con artrosis de rodilla. Evaluará la eficacia, seguridad y efecto a nivel general de las infiltraciones dentro de la articulación o del hueso de plasma rico en plaquetas.","Ensayo clínico para evaluar la eficacia, seguridad y efecto a nivel general de las infiltraciones en las articulaciones e en los órganos de plasma rico en plaquetas. Se estudiará en pacientes con artrosis de rodilla."
Uso de medicamentos o tratamientos concomitantes prohibidos durante los estudios originales en fase III.,Usar conjuntamente medicamentos o tratamientos prohibidos durante los estudios originales en fase III (de seguridad y eficacia).,Uso de medicamentos o tratamientos administrados de forma simultánea durante los estudios originales en fase III.
Resultados isquémicos y hemorrágicos tras la implantación del stent angiolite y una terapia antiplaquetaria dual abreviada.,Falta de riego sanguíneo o sangrado tras implantar el stent (un tipo de muelle) llamado angiolite y una terapia antiplaquetaria dual abreviada (medicación doble para debilitar la agregación de las plaquetas).,Resultados isquémicos y hemorrágicos tras la implantación del stent angiolite y una terapia antiplaquetaria dual abreviada.
Estudio de fase III de la rezafungina inyectable en comparación con la pauta antimicrobiana de referencia para prevenir enfermedades fúngicas invasivas en adultos que reciben alotrasplante de sangre y médula ósea,Estudio de investigación clínica de la seguridad y eficacia de la rezafungina inyectable en comparación con la pauta antimicrobiana de referencia. Se evaluará para prevenir enfermedades por hongos invasivas en adultos que reciben trasplante de sangre y médula ósea de otro donante,Estudio de investigación clínica de la rezafungina inyectable en comparación con la pauta antimicrobiana de referencia. Se estudiará para prevenir enfermedades fúngicas invasivas en adultos que reciben alotrasplante de sangre y médula ósea.
Tratamiento actual o previo con cualquier agonista del receptor del GLP-1 (AR GLP-1) o inhibidor de la DPP4 en los 90 días previos al día de la selección.,Tratamiento actual o previo con cualquier agonista del receptor del péptido similar al glucagón tipo 1 o inhibidor de la proteína dipeptidil peptidasa-4. Se habrá tratado en los 90 días antes de la selección.,Tratamiento actual o previo con cualquier agonista del receptor del GLP-1 (antagonista del receptor del GLP-1) o inhibidor de la DPP4 en los 90 días previos al día de la selección.
Pacientes que no pueden dar consentimiento informado previo y cuando existen pruebas documentadas de que el paciente no tiene un representante legal y parece poco probable que el paciente recupere la conciencia o capacidad suficiente para proporcionar un consentimiento informado diferido,"Pacientes que no pueden dar consentimiento informado previo y existen pruebas documentadas de que el paciente no tiene un representante legal. Además, parece poco probable que el paciente recupere la conciencia o capacidad suficiente para proporcionar un consentimiento informado aplazado","Pacientes que no pueden dar consentimiento informado previo y que tienen pruebas documentadas de que el paciente no tiene un representante legal. También, pacientes que parecen poco probable que el paciente recupere la conciencia o capacidad suficiente para dar un consentimiento informado diferido."
"Presentar CPNM no resecable en estadio IIIb, no tratable con una modalidad de quimiorradiación combinada (avanzado) o en estadio IV (metastásico), con diagnóstico confirmado histológica o citológicamente","Tener cáncer de pulmón no microcítico no operable en estadio IIIb, no tratable con quimioterapia y radiación combinada (avanzado) o en estadio IV (metastásico). El diagnóstico del cáncer de pulmón de células no pequeñas será confirmado histológica o citológicamente (por análisis de tejidos o células de biopsia).","Cáncer de pulmón de células no pequenas (CPNM) no operable en estadio IIIb, no tratable con quimioterapia y radioterapia combinados (avanzado) o en estadio IV (metastásico). En este caso, habrá diagnóstico confirmado histológica o citológicamente."
"Infección confirmada por SARS-CoV-2 por PCR o por test de antígenos, en este caso, al menos en los primeros siete días tras el inicio de síntomas y en cualquier caso hasta 3 días antes de la aleatorización.","Infección confirmada por SARS-CoV-2 por PCR o por test de antígenos. En este último caso, confirmado al menos en los primeros siete días tras el inicio de síntomas. Y en cualquier caso confirmado hasta 3 días antes de la asignación al azar del tratamiento.","Confirmación de infección por SARS-CoV-2 por prueba de PCR o por test de antígenos. En este caso, habrá al menos en los primeros siete días tras el inicio de síntomas y en cualquier caso hasta 3 días antes de la selección al azar."
"Creemos que sugammadex con dosis inferiores a las recomendadas por el fabricante en la ficha técnica es igualmente útil para antagonizar el bloqueo neuromuscular por rocuronio durante una anestesia general, aunque este efecto será más lento.","Creemos que sugammadex con dosis inferiores a las recomendadas por el fabricante es igualmente útil para disminuir y detener el bloqueo neuromuscular por rocuronio durante una anestesia general. Sin embargo, este efecto será más lento.","Creemos que es igualmente útil el medicamento sugammadex con dosis inferiores a las recomendadas por el fabricante en la ficha técnica. También se puede usar para antagonizar el bloqueo neuromuscular por rocuronio durante una anestesia general, aunque el efecto será más lento."
"Factores de riesgo obstétrico: Aborto recurrente, preeclampsia previa o enfermedades hematológicas. Uso de fármacos vasoactivos: Fundamentalmente relacionadas con la hipertensión","Factores de riesgo relacionados con el embarazo: aborto repetido, preeclampsia (tensión alta en el embarazo) previa o enfermedades de la sangre. Uso de fármacos vasoactivos (que dilatan o estrechan los vasos de la sangre) fundamentalmente relacionados con la tensión alta.","Factores de riesgo obstétrico: aborto recurrente, preeclampsia previa (elevación de tensión antes de la concepción) o enfermedades de la sangre. Uso de fármacos vasoactivos: fundamentalmente relacionados con la hipertensión (tensión alta)."
"Diagnóstico de cáncer de vejiga con invasión muscular (MIBC, muscle-invasive bladder cancer) confirmado histológicamente (estadio T2-4a N0/N1 M0) obtenido mediante resección transuretral del tumor vesical (TURBT, transurethral resection of bladder tumor) diagnóstica o máxima, realizada no más de 3 meses antes de comenzar la visita de selección.","Diagnóstico de cáncer de vejiga que invade el músculo confirmado histológicamente (por análisis de tejidos). Se habrá obtenido mediante operación a través de la uretra, para diagnóstico o para extirpar el tumor de vejiga. Además, se habrá realizado 3 meses o menos antes de comenzar la visita de selección.","Diagnóstico de cáncer de vejiga con invasión muscular confirmado histológicamente (estadio T2-4a N0/N1 M0). Se obtendrá mediante resección transuretral del tumor vesical (TURBT, transurethral resection of bladder tumor). Esta operación diagnosticará o máxima, realizada no más de 3 meses antes de comenzar la visita de selección."
Sujetos con un diagnóstico documentado de mielofibrosis primaria (MF) o MF secundaria (pospolicitemia vera [PPV] - MF o postrombocitemia esencial [PTE] - MF) según la clasificación de la Organización Mundial de la Salud.,Sujetos con un diagnóstico documentado de mielofibrosis primaria (MF) o MF secundaria (pospolicitemia vera - MF o postrombocitemia esencial - MF). Se seguirá la clasificación de la Organización Mundial de la Salud. La mielofibrosis es un tipo de cáncer de médula ósea que produce alteraciones de los glóbulos rojos.,Estudio en pacientes con un diagnóstico documentado de mielofibrosis primaria (MF) o secundaria (pospolicitemia vera o postrombocitemia esencial). Se estudiará según la clasificación de la Organización Mundial de la Salud.
Pacientes (y sus parejas) que deseen quedarse embarazadas durante el periodo del estudio o que no estén dispuestos a abstenerse a tener sexo o a usar medidas contraceptivas desde el inicio del ensayo clínico y hasta transcurridos 90 días de la última administración.,Pacientes (y sus parejas) que deseen quedarse embarazadas durante el periodo del estudio. Pacientes que no deseen abstenerse de tener sexo o usar medidas contraceptivas. El tiempo indicado será desde el inicio del ensayo clínico y hasta transcurridos 90 días de la última administración.,Pacientes y sus parejas que deseen quedarse embarazadas durante el periodo del estudio. O que no estén dispuestos a abstenerse de tener sexo o a usar medidas contraceptivas desde el inicio del ensayo clínico y hasta transcurridos 90 días de la última administración.
Tener documentado un resultado de biopsia renal de clase III-IV (según los criterios de histología de la ISN/RPS) realizada en los 6 meses previos a la visita de selección o realizada en el periodo de selección.,"Tener documentado un resultado de biopsia renal de clase III-IV, según los criterios de histología (análisis de tejidos) de la ISN/RPS (Clasificación Internacional de Nefrología y la Sociedad de Patología Renal). Será realizada en los 6 meses antes de la visita de selección o realizada en el periodo de selección.",Documentado un resultado de biopsia renal de clase III-IV (según los criterios de histología de la ISN/RPS). Se realizará en los 6 meses previos a la visita de selección o en el periodo de selección.
"Haber recibido al menos 3 tratamientos anteriores (incluido inhibidor del proteasoma, fármaco inmunomodulador, y un anticuerpo anti-CD38; los pacientes no deben ser candidatos o ser intolerantes a todos los tratamientos establecidos conocidos por aportar beneficio clínico en el mieloma múltiple).","Haber recibido al menos 3 tratamientos anteriores (incluido inhibidor del proteasoma, fármaco inmunomodulador, y un anticuerpo anti-CD38). Los pacientes no pueden recibir o son intolerantes a todos los tratamientos beneficiosos para el mieloma múltiple (cáncer de la médula ósea y células de la sangre).","Haber recibido al menos 3 tratamientos anteriores. Esto incluye inhibidor del proteasoma, fármaco inmunomodulador y un anticuerpo anti-CD38. Los pacientes no deben ser candidatos o ser intolerantes a todos los tratamientos establecidos conocidos por aportar beneficio clínico en el mieloma múltiple."
Estudio de seguimiento para evaluar resistencia y la durabilidad de la respuesta al tratamiento con antivirales de acción directa (AAD) de AbbVie en sujetos que participaron en estudios clínicos de fase 2 o fase 3 para el tratamiento de la infección crónica por el virus de la hepatitis C (VHC). ,Estudio de seguimiento para evaluar la resistencia y la durabilidad de la respuesta al tratamiento con antivirales de acción directa (AAD) de AbbVie. Se estudiará en sujetos que participaron en estudios clínicos de fase 2 o fase 3 para tratar la infección crónica por el virus de la hepatitis C (VHC).,Estudio de seguimiento para evaluar la resistencia y la durabilidad de la respuesta al tratamiento con antivirales de acción directa (AAD) de AbbVie. Se estudiará en sujetos que participaron en estudios clínicos de fase 2 o fase 3 para tratar la infección crónica por el virus de la hepatitis C.
El sujeto presenta CU de moderada a gravemente activa según se determina mediante una puntuación Mayo completa de 6 a 12 con una subpuntuación endoscópica ≥ 2 en los 14 días previos a la aleatorización.,El sujeto presenta colitis ulcerosa de moderada a gravemente activa en los 14 días previos a la selección al azar. La actividad se determinará mediante una puntuación Mayo completa (escala de diagnóstico) de 6 a 12. Tendrá una subpuntuación endoscópica (obtenida después de examinar el intestino con un dispositivo con cámara) superior o igual a 2.,El sujeto presenta cáncer de pulmón con células no pequeñas de moderada a grave activa. Se determina mediante una puntuación completa de Mayo de 6 a 12 con una puntuación endoscópica (de una escánera) superior o igual a 2 en los 14 días antes de la selección al azar.
El complejo de esclerosis tuberosa es un trastorno genético del crecimiento de tumores benignos en partes del cuerpo incluido el cerebro y una de las principales causas genéticas de la epilepsia.,"El complejo de esclerosis tuberosa es un trastorno genético del crecimiento de tumores benignos en partes del cuerpo, incluido el cerebro. Es una de las principales causas genéticas de la epilepsia.","El complejo de esclerosis tuberosa es un trastorno genético del crecimiento de tumores benignos en partes del cuerpo. Uno de los principales ejemplos es el cerebro. Además, es una de las principales causas genéticas de la epilepsia."
Estudio sobre cambios en tejidos sanos relacionados con efectos secundarios a largo plazo en pacientes con cáncer de la zona de cabeza y cuello tratados con radioterapia asociada a quimioterapia o bien asociada a tratamiento con un anticuerpo,Estudio sobre cambios en tejidos sanos relacionados con efectos secundarios a largo plazo. Se estudiará en pacientes con cáncer de la zona de cabeza y cuello tratados con radioterapia asociada a quimioterapia. También puede estar asociada a tratamiento con un anticuerpo,Estudio sobre cambios en tejidos sanos relacionados con efectos secundarios a largo plazo. Se estudiará en pacientes con cáncer de la zona de cabeza y cuello tratados con radioterapia asociada a quimioterapia o bien asociada a tratamiento con un anticuerpo.
"Los participantes deben haber progresado con las opciones de tratamiento estándar disponibles, ser intolerantes a ellas o tener un tipo de enfermedad para el cual no exista tratamiento estándar, a excepción de los participantes que se incluyan en las cohortes prequirúrgicas.","Los participantes deben haber empeorado con los tratamientos estándar disponibles, ser intolerantes a ellos o tener una enfermedad para la cual no exista tratamiento. Se exceptúan los participantes que se incluyan en los grupos participantes antes de la operación.","Los participantes deben haber progresado con las opciones de tratamiento estándar disponibles. También pueden ser intolerantes a ellas o tener un tipo de enfermedad para el cual no exista tratamiento estándar. Sin embargo, los participantes que se incluyan en las cohortes antes de la cirugía no se exceptúan."
Pacientes que por condiciones sistémicos no sea posible la extracción de sangre., Pacientes a quienes por condiciones sistémicas (enfermedad generalizada que afecta a todo el cuerpo) no se les pueda extraer sangre.,Pacientes que por condiciones sistémicas (que afecten a todo el cuerpo) no sea posible la extracción de sangre.
"Trastornos autoinmunitarios o inflamatorios (incluidas la enfermedad inflamatoria intestinal [p. ej., colitis o enfermedad de Crohn] y la diverticulitis) documentados previos o activos.","Trastornos autoinmunitarios o inflamatorios documentados en el pasado o actualmente. Esto incluye la enfermedad inflamatoria intestinal (p. ej. colitis o enfermedad de Crohn, que es la que causa inflamación del tubo digestivo). También incluye la diverticulitis, que es una inflamación de los divertículos (bolsas de la pared del intestino).","Trastornos autoinmunitarios o inflamatorios documentados previos o activos. Estos trastornos incluyen la enfermedad inflamatoria intestinal (p. ej., colitis o enfermedad de Crohn) y la diverticulitis."
"Ensayo clínico aleatorizado para comparar la seguridad y efectividad de metamizol, ibuprofeno y tramadol combinados con paracetamol, en el tratamiento de dolor después de una intervención quirúrgica por fractura del fémur en pacientes de >= 80 años ingresados en la Unidad de Convalecencia","Ensayo clínico para comparar la seguridad y efectividad de metamizol, ibuprofeno y tramadol combinados con paracetamol para tratar el dolor después de una operación. Esta intervención será por fractura del fémur en pacientes de 80 años o más ingresados en la Unidad de Convalecencia","Ensayo clínico para comparar la seguridad y efectividad de metamizol, ibuprofeno y tramadol combinados con paracetamol. Se estudiará para tratar el dolor después de una operación por fractura del fémur en pacientes de 80 años o más ingresados en la Unidad de Convalecencia."
"Presenta infección por el coronavirus del síndrome respiratorio agudo grave de tipo 2 (SARS-CoV-2), confirmada en el laboratorio mediante reacción en cadena de la polimerasa (polymerase chain reaction, PCR) u otro método comercial o de salud pública (no es aceptable la serología)",Presenta infección por el coronavirus del síndrome respiratorio agudo grave de tipo 2 (SARS-CoV-2). La infección debe ser confirmada en el laboratorio mediante reacción en cadena de la polimerasa (PCR) u otro método comercial o de salud pública. No es aceptable la serología (análisis de anticuerpos en sangre),"Infección por el coronavirus del síndrome respiratorio agudo grave de tipo 2 (SARS-CoV-2). Esta infección se confirmará en el laboratorio mediante reacción en cadena de la polimerasa (polymerase chain reaction, PCR) u otro método comercial o de salud pública. No se aceptará la serología (análisis de anticuerpos)."
"Estudio multicéntrico, aleatorizado, doble ciego, controlado con placebo, de fase III de secukinumab subcutáneo en autoinyectores, para demostrar la eficacia a las 24 semanas y para evaluar la seguridad, tolerabilidad y eficacia a largo plazo hasta 3 años en pacientes con Artritis Psoriásica activa","Estudio de secukinumab administrado por debajo de la piel en autoinyectores para demostrar su eficacia a las 24 semanas y su seguridad, y eficacia a largo plazo (hasta 3 años). También se estudiará si es tolerable. Se evaluará en pacientes con artritis psoriásica activa y será un estudio en varios centros y con placebo (sustancia sin actividad farmacológica).","Estudio clínico de investigación en varios centros con placebo (sustancia sin actividad farmacológica) de secukinumab subcutáneo (administrado bajo la piel) en autoinyectores. Se evaluará la eficacia a las 24 semanas y la seguridad, eficacia a largo plazo hasta 3 años. Se estudiará en pacientes con Artritis Psoriásica activa."
"Ensayo de fase II/III, multicéntrico, aleatorizado, con enmascaramiento doble y controlado con placebo para evaluar la eficacia, la tolerabilidad y la seguridad a largo plazo de sibeprenlimab administrado por vía subcutánea a pacientes con nefropatía por inmunoglobulina A","Ensayo clínico en varios centros y con placebo (sustancia sin actividad farmacológica). Evaluará si es eficaz, tolerable y seguro a largo plazo el medicamento sibeprenlimab administrado por vía subcutánea (bajo la piel). Se estudiará en pacientes con nefropatía por inmunoglobulina A. La nefropatía por inmunoglobulina A es una enfermedad rara que causa inflamación (hinchazón) y daño renal debido a la acumulación de proteínas en los riñones","Ensayo clínico de investigación y fase II/III, en varios centros, con placebo (sustancia sin actividad farmacológica) para evaluar la eficacia, la seguridad y la tolerabilidad a largo plazo de sibeprenlimab. Se administrará por vía subcutánea (administrado debajo de la piel) a pacientes con nefropatía (enfermedad de los riñones) por inmunoglobulina A."
Ensayo clínico unicéntrico aleatorizado controlado simple ciego para valorar la efectividad de la lidocaína en aerosol frente a la analgesia convencional en la cura de heridas quirúrgicas complejas.,Ensayo clínico de investigación en un solo centro. Valorará la efectividad de la lidocaína en aerosol (rociado en spray) frente a la analgesia convencional en la cura de heridas de operación complejas.,Ensayo clínico en un centro para valorar la efectividad de la lidocaína en aerosol frente a la analgesia convencional. Se estudiará para valorar la eficacia en la cura de heridas quirúrgicas complejas.
"Pacientes hospitalizados con diagnóstico de NAC: aparición de un nuevo infiltrado radiológico más la presencia de al menos dos de los siguientes signos o síntomas: fiebre (>38 ºC), tos, expectoración, dolor torácico, disnea o taquipnea, y signos de ocupación del espacio alveolar.","Pacientes hospitalizados con diagnóstico de neumonía adquirida en la comunidad. Esto supone la aparición de un nuevo infiltrado radiológico (la radiografía de pulmón muestra cambios microscópicos). También supone la presencia de al menos dos de los siguientes signos o síntomas: fiebre (más de 38 °C), tos, expectoración (expulsar flemas al toser), dolor en el pecho, disnea (dificultad para respirar) o taquipnea (respiración acelerada), y signos de ocupación del espacio alveolar (alvéolos de los pulmones).","Pacientes hospitalizados con diagnóstico de enfermedad de la naturaleza celular (inflamación de las glomerulos de los riñones) que aparecen un nuevo infiltrado radiológico más la presencia de al menos dos de los siguientes signos o síntomas: fiebre, tos, expectoración, dolor torácico, disnea o taquipnea (taponamiento del corazón), y signos de ocupación del espacio alveolar."
Bloqueo ecoguiado de nervios geniculares de rodilla en pacientes con gonartrosis mediante anestésico local o mediante la combinación de anestésico local con corticoide: ensayo clínico piloto ciego aleatorizado controlado con placebo.,Bloqueo de nervios de la rodilla guiado por ecografía mediante anestésico local (aplicado en el lugar afectado) o la combinación de anestésico local con corticoide. Se estudiará en pacientes con artrosis de rodilla. Ensayo clínico piloto con placebo (sustancia sin actividad farmacológica).,Ensayo clínico piloto ciego con placebo (sustancia sin actividad farmacológica) para bloquear nervios geniculares de rodilla en pacientes con gonartrosis. Se aplicará mediante anestésico local o mediante la combinación de anestésico local con corticoide.
Progresión de la enfermedad con al menos dos líneas previas de tratamiento endocrino con o sin un tratamiento dirigido (la progresión de la enfermedad en los 24 meses siguientes al tratamiento endocrino adyuvante se considera una línea de tratamiento).,Empeoramiento de la enfermedad con al menos dos líneas previas de tratamiento endocrino con o sin un tratamiento dirigido. Se considera una línea de tratamiento el empeoramiento de la enfermedad en los 24 meses siguientes al tratamiento endocrino adyuvante (administrado tras la operación de cáncer).,El empeoramiento de la enfermedad con al menos dos líneas previas de tratamiento endocrino (hormonal) con o sin un tratamiento dirigido. Se considera que la progresión de la enfermedad en los 24 meses siguientes al tratamiento endocrino adyuvante (que ayuda a la enfermedad) se considera una línea de tratamiento.
"Indicios de disfunción orgánica o cualquier desviación clínicamente significativa de la normalidad en la exploración física, las constantes vitales, el ECG o las determinaciones analíticas clínicas más allá de lo que es coherente con la población a la que va dirigido.","Indicios de funcionamiento alterado de un órgano o cualquier desviación clínicamente importante de la normalidad en la exploración física, las constantes vitales, el electrocardiograma o los análisis clínicos. Estos indicios superan los valores normales de la población a la que va dirigido.","Indicios de enfermedad del sistema o cualquier desviación clínica importante en la exploración física, las constantes vitales, el electrocardiograma o las determinaciones analíticas clínicas. Estas últimas deben ser coherentes con la población a la que va dirigido."
"Al menos 1 lesión, no irradiada previamente, que pueda medirse exactamente en el momento basal como > o = 10 mm en el diámetro mayor (excepto los ganglios linfáticos, que deberán tener un eje menor > o = 15 mm) con tomografía computarizada (TC) o resonancia magnética (RM) y que sea apta para mediciones repetidas exactas.","Al menos 1 lesión, no irradiada previamente (no recibió radioterapia), que pueda medirse como superior o igual a 10 mm en el diámetro mayor exactamente en el momento basal (antes de la intervención del estudio). Se exceptuarán los ganglios linfáticos, que deberán tener un eje menor con una medidad superior o igual a 15 mm. Se medirá con tomografía computarizada o resonancia magnética (pruebas de imagen). Además, esa lesión será apta para mediciones repetidas exactas.","Al menos 1 lesión, no irradiada previamente, que pueda medirse exactamente en el momento basal (antes de la intervención). El diámetro mayor será igual o superior a 10 mm. Se exceptúan los ganglios linfáticos, que deberán tener un eje menor igual o superior a 15 mm. Se realizará tomografía computarizada (TC) o resonancia magnética (RM). Además, la lesión debe ser apta para mediciones repetidas exactas."
